Order ID,Task ID,Plant Start,Plan End
11048,7,15-Aug-21,20-Aug-21
12543,7,8-Aug-21,13-Aug-21
12547,7,8-Aug-21,13-Aug-21
12572,7,8-Aug-21,13-Aug-21
12574,7,8-Aug-21,13-Aug-21
11926,7,14-Aug-21,19-Aug-21
23817,7,10-Aug-21,15-Aug-21
11947,7,12-Aug-21,17-Aug-21
14432,7,15-Aug-21,20-Aug-21
30031,7,18-Aug-21,23-Aug-21
11961,7,17-Aug-21,22-Aug-21
11977,7,19-Aug-21,24-Aug-21
12596,7,23-Aug-21,28-Aug-21
28189,7,23-Aug-21,28-Aug-21
8639,7,28-Aug-21,2-Sep-21
8677,7,27-Aug-21,1-Sep-21
8689,7,27-Aug-21,1-Sep-21
8755,7,26-Aug-21,31-Aug-21
8839,7,27-Aug-21,1-Sep-21
8851,7,28-Aug-21,2-Sep-21
8873,7,26-Aug-21,31-Aug-21
8901,7,25-Aug-21,30-Aug-21
8913,7,25-Aug-21,30-Aug-21
8928,7,26-Aug-21,31-Aug-21
8961,7,25-Aug-21,30-Aug-21
8979,7,25-Aug-21,30-Aug-21
8991,7,25-Aug-21,30-Aug-21
9003,7,26-Aug-21,31-Aug-21
8652,7,27-Aug-21,1-Sep-21
8664,7,26-Aug-21,31-Aug-21
8715,7,26-Aug-21,31-Aug-21
8739,7,26-Aug-21,31-Aug-21
29915,7,23-Aug-21,28-Aug-21
29906,7,23-Aug-21,28-Aug-21
29911,7,24-Aug-21,29-Aug-21
14959,7,23-Aug-21,28-Aug-21
8701,7,28-Aug-21,2-Sep-21
8780,7,28-Aug-21,2-Sep-21
12774,7,21-Aug-21,26-Aug-21
12777,7,21-Aug-21,26-Aug-21
11300,7,28-Aug-21,2-Sep-21
14472,7,29-Aug-21,3-Sep-21
12596,7,28-Aug-21,2-Sep-21
12581,7,30-Aug-21,4-Sep-21
11733,7,26-Aug-21,31-Aug-21
11734,7,27-Aug-21,1-Sep-21
15355,7,3-Sep-21,8-Sep-21
14294,7,28-Aug-21,2-Sep-21
13735,7,1-Sep-21,6-Sep-21
13732,7,31-Aug-21,5-Sep-21
13895,7,1-Sep-21,6-Sep-21
13734,7,1-Sep-21,6-Sep-21
38964,7,27-Aug-21,1-Sep-21
46134,7,7-Sep-21,12-Sep-21
45879,7,6-Sep-21,11-Sep-21
15295,7,5-Sep-21,10-Sep-21
30595,7,5-Sep-21,10-Sep-21
15296,7,6-Sep-21,11-Sep-21
30667,7,5-Sep-21,10-Sep-21
46059,7,6-Sep-21,11-Sep-21
15332,7,6-Sep-21,11-Sep-21
15312,7,6-Sep-21,11-Sep-21
15372,7,6-Sep-21,11-Sep-21
15335,7,7-Sep-21,12-Sep-21
30751,7,6-Sep-21,11-Sep-21
30761,7,6-Sep-21,11-Sep-21
15374,7,6-Sep-21,11-Sep-21
15373,7,6-Sep-21,11-Sep-21
15018,7,2-Sep-21,7-Sep-21
14793,7,6-Sep-21,11-Sep-21
14796,7,6-Sep-21,11-Sep-21
14795,7,6-Sep-21,11-Sep-21
14794,7,6-Sep-21,11-Sep-21
14792,7,6-Sep-21,11-Sep-21
11192,7,2-Sep-21,7-Sep-21
30036,7,2-Sep-21,7-Sep-21
40059,7,29-Aug-21,3-Sep-21
38135,7,3-Sep-21,8-Sep-21
14672,7,31-Aug-21,5-Sep-21
14653,7,7-Sep-21,12-Sep-21
14922,7,5-Sep-21,10-Sep-21
31997,7,12-Sep-21,17-Sep-21
46134,7,11-Sep-21,16-Sep-21
44589,7,30-Aug-21,4-Sep-21
44559,7,30-Aug-21,4-Sep-21
